{
    "loss": 0.322079181671143,
    "accuracy": 0.960000521540640
}